Keyword,Clicks,Impr.
corporate lanyard,2,22
lanyard supplier singapore,5,35
custom printed lanyards,2,101
lanyard lanyard,17,602
lanyard customisation singapore,14,83
company lanyards,0,1
badge lanyards,2,51
custom event lanyards,1,1
custom lanyard singapore,13,58
order custom lanyards,2,61
cheap custom lanyards,1,2
event badges and lanyards,39,297
custom lanyard near me,1,28
personalized lanyards,13,88
custom lanyards no minimum,0,3
custom woven lanyards,1,2
id badges and lanyards,19,126
custom logo lanyards,1,1
custom landyard,5,16
custom lanyards in bulk,1,2
custom lanyard name tags,16,113
lanyard singapore,12,142
lanyards for id badges,1,118
cheap lanyards,6,57
lanyard customisation,11,79
lanyard card holder plastic,8,73
name badges with lanyards,32,319
lanyard printer,2,20
lanyard card holder,19,376
teacher lanyard with id holder,0,1
lanyard printing singapore,24,165
custom lanyards fast,6,42
lanyard printing no minimum order,4,10
conference badges and lanyards,2,41
custom lanyard keychain,22,251
custom lanyards and badges,30,250
lanyard for keys,5,66
event lanyards,1,8
lanyard printing,21,120
order lanyards with logo,0,12
name badge holders with lanyards,3,59
personalised gifts singapore,65,679
corporate gifts,17,347
custom logo bags,15,166
personalized gift company,19,826
personalized lanyards with id holder,0,2
embroidered lanyards,2,4
coach lanyard,0,8
cheap lanyards in bulk,0,3
id badge lanyard,4,40
high quality custom lanyards,0,17
retractable lanyard,6,59
custom lanyard cards,1,21
key chain lanyard,4,69
personalised lanyards with logo,1,9
custom lanyard with badge reel,4,26
lanyard with 2 clips,0,1
lanyard keychain,4,122
lanyard printing near me,0,1
next day lanyards,3,25
custom lanyard badges,9,83
lanyards and badge holders,8,80
lanyard holder,1,100
lanyard card holder branded,3,56
custom lanyard,21,177
lanyard with id holder,0,17
personalised lanyards no minimum order,0,15
cheap promotional items,5,59
personalised promotional gifts,14,164
personalised tote bags,0,6
custom notebooks,22,299
promotional gifting,0,54
promotional products with logo,1,59
gift supplier,3,41
business gift items,3,57
affordable corporate gifts,1,33
custom shopping bags,7,54
custom tote bags with logo,5,56
corporate tote bags,0,4
personalized gift set,4,120
custom water bottles with logo,29,363
promotional merchandise,10,168
portable charger with logo,4,50
unique customer gifts,0,1
logo products,4,90
reusable bags with logo,9,62
promotional merchandise company,0,1
custom corporate printing,10,115
branded umbrellas,0,1
company goodies,0,1
corporate gift set,1,12
corporate gifts singapore wholesale,0,2
branded gifts,0,7
custom tote bags,5,83
custom gift bag,6,25
personalized umbrellas bulk,1,3
budget corporate gifts,0,5
personalised umbrellas,5,108
custom reusable shopping bags,0,3
print custom prints,89,"1,125"
custom logo merchandise,0,14
custom merch,32,356
corporate notebooks,7,78
unique singapore gifts,34,424
branded merchandise,2,47
promotional tote bags,1,1
printed umbrellas,3,25
custom gift boxes,15,156
gift supplier singapore,1,26
corporate gift boxes,0,1
custom promotional products,34,431
custom tumblers with logo,7,136
cheap corporate gift,0,27
easy print,71,237
branded notebooks,9,63
personalized umbrellas,3,25
custom umbrellas with logo,0,1
custom printed umbrellas,0,4
personalized pens,1,2
best customer gifts,1,18
company logo merchandise,7,98
corporate gifts singapore,1,49
unique client gift ideas,0,1
branded tote handbags,1,15
corporate gift company singapore,0,14
business merchandise,4,98
custom corporate gifts singapore,1,17
create merch,9,205
personalised corporate gifts singapore,5,145
personalised company merchandise,17,205
unique custom gift ideas,10,161
promotional products companies,3,54
custom printed tote bags,16,204
custom plastic bags,41,248